id,doctor_id,day,start_time,end_time
1,1,Mon,08:00:00.000000,12:00:00.000000
2,3,Tue,16:00:00.000000,19:00:00.000000
3,3,Wed,16:00:00.000000,19:00:00.000000
4,4,Thu,08:00:00.000000,11:00:00.000000
5,4,Fri,09:00:00.000000,12:00:00.000000
6,1,Wed,08:00:00.000000,13:00:00.000000
7,1,Sat,20:00:00.000000,22:00:00.000000
8,1,Sun,02:00:00.000000,05:00:00.000000
